,SEI/CEI formation,LiF/B-O interface,Lewis acid/anion receptor,Solvation/desolvation,HF/H2O scavenging,Polymer/gel strengthening,Thermal/corrosion stability
P1,0.8823529411764706,0.7058823529411765,0.0,0.7058823529411765,0.0,0.6470588235294118,0.7058823529411765
P2,0.8125,0.75,0.78125,0.53125,0.0,0.0,0.5625
P3,0.9855072463768116,0.7971014492753623,0.0,0.0,0.5652173913043478,0.5362318840579711,0.7101449275362319
P4,0.5769230769230769,0.5384615384615384,0.34615384615384615,0.0,0.8461538461538461,0.0,0.7307692307692307
P5,0.7647058823529411,0.6470588235294118,0.4411764705882353,0.0,0.38235294117647056,0.0,0.7352941176470589
P6,0.7894736842105263,0.8947368421052632,0.7894736842105263,0.0,0.7368421052631579,0.0,0.5789473684210527
P7,0.9333333333333333,0.5333333333333333,0.8,0.6,0.0,0.6333333333333333,0.0
