,SEI/CEI formation,LiF/B-O interface,Lewis acid/anion receptor,Solvation/desolvation,HF/H2O scavenging,Polymer/gel strengthening,Thermal/corrosion stability
P1,88.23529411764706,70.58823529411765,0.0,70.58823529411765,0.0,64.70588235294117,70.58823529411765
P2,81.25,75.0,78.125,53.125,0.0,0.0,56.25
P3,98.55072463768117,79.71014492753623,0.0,0.0,56.52173913043478,53.62318840579711,71.01449275362319
P4,57.692307692307686,53.84615384615385,34.61538461538461,0.0,84.61538461538461,0.0,73.07692307692307
P5,76.47058823529412,64.70588235294117,44.11764705882353,0.0,38.23529411764706,0.0,73.52941176470588
P6,78.94736842105263,89.47368421052632,78.94736842105263,0.0,73.68421052631578,0.0,57.89473684210527
P7,93.33333333333333,53.333333333333336,80.0,60.0,0.0,63.33333333333333,0.0
