k,hierarchical_silhouette,kmeans_silhouette
3,0.493529,0.477268
4,0.631825,0.600033
5,0.744663,0.695339
6,0.823808,0.781902
7,0.917207,0.863854
8,0.905014,0.834726
9,0.906967,0.820082
10,0.890751,0.803792
11,0.881414,0.783679
12,0.858078,0.769340
13,0.840721,0.726122
14,0.812900,0.717547
15,0.824793,0.675073
