AUC,Precision,Recall,F1
0.8235294117647058,1.0,0.6470588235294118,0.7857142857142857
1.0,1.0,1.0,1.0
0.8375,0.8,0.8,0.8
0.95,1.0,0.9,0.9473684210526315
0.8636363636363636,1.0,0.7272727272727273,0.8421052631578947
0.7275641025641025,0.875,0.5384615384615384,0.6666666666666666
0.5857142857142856,0.6666666666666666,0.6,0.631578947368421
0.7416666666666668,0.875,0.5833333333333334,0.7
0.7916666666666667,0.9,0.75,0.8181818181818182
0.7083333333333334,0.875,0.5,0.6363636363636364
