AUC,Precision,Recall,F1
0.811764705882353,0.9333333333333333,0.8235294117647058,0.875
1.0,1.0,1.0,1.0
0.9375,0.8333333333333334,1.0,0.9090909090909091
0.95,1.0,0.9,0.9473684210526315
1.0,1.0,1.0,1.0
0.8012820512820513,0.8333333333333334,0.7692307692307693,0.8
0.7357142857142857,0.75,0.9,0.8181818181818182
0.825,0.9,0.75,0.8181818181818182
0.8333333333333334,0.8571428571428571,1.0,0.9230769230769231
0.875,0.8235294117647058,1.0,0.9032258064516129
