AUC,Precision,Recall,F1
0.8823529411764706,1.0,0.7647058823529411,0.8666666666666667
1.0,1.0,1.0,1.0
0.875,0.7142857142857143,1.0,0.8333333333333334
0.95,1.0,0.9,0.9473684210526315
1.0,1.0,1.0,1.0
0.8044871794871794,0.9,0.6923076923076923,0.782608695652174
0.7857142857142857,0.7692307692307693,1.0,0.8695652173913043
0.825,0.9,0.75,0.8181818181818182
0.9166666666666667,0.9230769230769231,1.0,0.96
0.851190476190476,0.9166666666666666,0.7857142857142857,0.8461538461538461
