AUC,Precision,Recall,F1
0.9411764705882353,1.0,0.8823529411764706,0.9375
1.0,1.0,1.0,1.0
0.8125,0.625,1.0,0.7692307692307693
0.95,1.0,0.9,0.9473684210526315
1.0,1.0,1.0,1.0
0.8333333333333334,0.7647058823529411,1.0,0.8666666666666667
0.7357142857142857,0.75,0.9,0.8181818181818182
0.825,0.9,0.75,0.8181818181818182
0.9166666666666667,0.9230769230769231,1.0,0.96
0.9642857142857143,1.0,0.9285714285714286,0.9629629629629629
