AUC,Precision,Recall,F1
0.9411764705882353,1.0,0.8823529411764706,0.9375
0.9444444444444444,1.0,0.8888888888888888,0.9411764705882353
0.8375,0.8,0.8,0.8
0.95,1.0,0.9,0.9473684210526315
0.7272727272727273,1.0,0.45454545454545453,0.625
0.7307692307692308,1.0,0.46153846153846156,0.631578947368421
0.55,1.0,0.1,0.18181818181818182
0.825,0.9,0.75,0.8181818181818182
0.7916666666666667,0.9,0.75,0.8181818181818182
0.8154761904761905,0.9090909090909091,0.7142857142857143,0.8
