AUC,Precision,Recall,F1
0.7941176470588236,1.0,0.5882352941176471,0.7407407407407407
1.0,1.0,1.0,1.0
0.9,1.0,0.8,0.8888888888888888
0.95,1.0,0.9,0.9473684210526315
1.0,1.0,1.0,1.0
0.7307692307692308,1.0,0.46153846153846156,0.631578947368421
0.7357142857142857,0.75,0.9,0.8181818181818182
0.825,0.9,0.75,0.8181818181818182
0.9166666666666667,0.9230769230769231,1.0,0.96
0.8035714285714285,0.8,0.8571428571428571,0.8275862068965517
