AUC,Precision,Recall,F1
0.9705882352941176,1.0,0.9411764705882353,0.9696969696969697
1.0,1.0,1.0,1.0
0.875,0.7142857142857143,1.0,0.8333333333333334
0.95,1.0,0.9,0.9473684210526315
1.0,1.0,1.0,1.0
0.8333333333333334,0.7647058823529411,1.0,0.8666666666666667
0.6857142857142857,0.7272727272727273,0.8,0.7619047619047619
0.825,0.9,0.75,0.8181818181818182
0.9166666666666667,0.9230769230769231,1.0,0.96
0.9285714285714286,1.0,0.8571428571428571,0.9230769230769231
